[{"model": "admin.logentry", "pk": 1, "fields": {"action_time": "2021-02-18T12:55:08.364Z", "user": 1, "content_type": 7, "object_id": "1", "object_repr": "Category object (1)", "action_flag": 1, "change_message": "[{\"added\": {}}]"}}, {"model": "admin.logentry", "pk": 2, "fields": {"action_time": "2021-02-18T12:57:16.402Z", "user": 1, "content_type": 7, "object_id": "2", "object_repr": "Category object (2)", "action_flag": 1, "change_message": "[{\"added\": {}}]"}}, {"model": "admin.logentry", "pk": 3, "fields": {"action_time": "2021-02-18T12:57:28.770Z", "user": 1, "content_type": 7, "object_id": "3", "object_repr": "Category object (3)", "action_flag": 1, "change_message": "[{\"added\": {}}]"}}, {"model": "admin.logentry", "pk": 4, "fields": {"action_time": "2021-02-18T12:57:40.567Z", "user": 1, "content_type": 7, "object_id": "4", "object_repr": "Category object (4)", "action_flag": 1, "change_message": "[{\"added\": {}}]"}}, {"model": "admin.logentry", "pk": 5, "fields": {"action_time": "2021-02-19T18:23:02.992Z", "user": 1, "content_type": 7, "object_id": "4", "object_repr": "Десерты1:4", "action_flag": 2, "change_message": "[{\"changed\": {\"fields\": [\"Title\"]}}]"}}, {"model": "admin.logentry", "pk": 6, "fields": {"action_time": "2021-02-19T18:23:18.546Z", "user": 1, "content_type": 7, "object_id": "1", "object_repr": "Десерты:1", "action_flag": 2, "change_message": "[]"}}, {"model": "admin.logentry", "pk": 7, "fields": {"action_time": "2021-02-19T18:25:10.878Z", "user": 1, "content_type": 7, "object_id": "2", "object_repr": "Основные Блюда:2", "action_flag": 2, "change_message": "[{\"changed\": {\"fields\": [\"Title\"]}}]"}}, {"model": "admin.logentry", "pk": 8, "fields": {"action_time": "2021-02-19T18:25:45.297Z", "user": 1, "content_type": 7, "object_id": "3", "object_repr": "Закуски:3", "action_flag": 2, "change_message": "[{\"changed\": {\"fields\": [\"Title\"]}}]"}}, {"model": "admin.logentry", "pk": 9, "fields": {"action_time": "2021-02-19T18:26:39.296Z", "user": 1, "content_type": 7, "object_id": "4", "object_repr": "Гарниры:4", "action_flag": 2, "change_message": "[{\"changed\": {\"fields\": [\"Title\"]}}]"}}, {"model": "admin.logentry", "pk": 10, "fields": {"action_time": "2021-02-19T18:35:22.879Z", "user": 1, "content_type": 7, "object_id": "1", "object_repr": "Десерты:1", "action_flag": 2, "change_message": "[{\"changed\": {\"fields\": [\"Photo\"]}}]"}}, {"model": "admin.logentry", "pk": 11, "fields": {"action_time": "2021-02-19T18:35:52.616Z", "user": 1, "content_type": 7, "object_id": "2", "object_repr": "Основные Блюда:2", "action_flag": 2, "change_message": "[{\"changed\": {\"fields\": [\"Photo\"]}}]"}}, {"model": "admin.logentry", "pk": 12, "fields": {"action_time": "2021-02-19T18:36:13.502Z", "user": 1, "content_type": 7, "object_id": "3", "object_repr": "Закуски:3", "action_flag": 2, "change_message": "[{\"changed\": {\"fields\": [\"Photo\"]}}]"}}, {"model": "admin.logentry", "pk": 13, "fields": {"action_time": "2021-02-19T18:36:27.032Z", "user": 1, "content_type": 7, "object_id": "4", "object_repr": "Гарниры:4", "action_flag": 2, "change_message": "[{\"changed\": {\"fields\": [\"Photo\"]}}]"}}, {"model": "admin.logentry", "pk": 14, "fields": {"action_time": "2021-02-19T18:38:50.705Z", "user": 1, "content_type": 8, "object_id": "1", "object_repr": "Закуски:100", "action_flag": 1, "change_message": "[{\"added\": {}}]"}}, {"model": "admin.logentry", "pk": 15, "fields": {"action_time": "2021-02-19T18:40:13.849Z", "user": 1, "content_type": 8, "object_id": "2", "object_repr": "Закуски1:150", "action_flag": 1, "change_message": "[{\"added\": {}}]"}}, {"model": "admin.logentry", "pk": 16, "fields": {"action_time": "2021-02-19T18:40:59.542Z", "user": 1, "content_type": 8, "object_id": "1", "object_repr": "Закуски:100.00", "action_flag": 2, "change_message": "[]"}}, {"model": "admin.logentry", "pk": 17, "fields": {"action_time": "2021-02-19T18:43:14.318Z", "user": 1, "content_type": 8, "object_id": "3", "object_repr": "Десерты:120", "action_flag": 1, "change_message": "[{\"added\": {}}]"}}, {"model": "admin.logentry", "pk": 18, "fields": {"action_time": "2021-02-19T18:44:34.647Z", "user": 1, "content_type": 8, "object_id": "4", "object_repr": "Десерты1:130", "action_flag": 1, "change_message": "[{\"added\": {}}]"}}, {"model": "admin.logentry", "pk": 19, "fields": {"action_time": "2021-02-19T18:46:41.767Z", "user": 1, "content_type": 8, "object_id": "5", "object_repr": "Основные Блюда:200", "action_flag": 1, "change_message": "[{\"added\": {}}]"}}, {"model": "admin.logentry", "pk": 20, "fields": {"action_time": "2021-02-19T18:48:02.197Z", "user": 1, "content_type": 8, "object_id": "6", "object_repr": "Основные Блюда1:200", "action_flag": 1, "change_message": "[{\"added\": {}}]"}}, {"model": "admin.logentry", "pk": 21, "fields": {"action_time": "2021-02-19T18:49:36.908Z", "user": 1, "content_type": 8, "object_id": "7", "object_repr": "Гарниры:100", "action_flag": 1, "change_message": "[{\"added\": {}}]"}}, {"model": "admin.logentry", "pk": 22, "fields": {"action_time": "2021-02-19T18:50:37.049Z", "user": 1, "content_type": 8, "object_id": "8", "object_repr": "Гарниры1:110", "action_flag": 1, "change_message": "[{\"added\": {}}]"}}, {"model": "admin.logentry", "pk": 23, "fields": {"action_time": "2021-02-19T20:20:05.039Z", "user": 1, "content_type": 7, "object_id": "5", "object_repr": "Специальное Меню:5", "action_flag": 1, "change_message": "[{\"added\": {}}]"}}, {"model": "admin.logentry", "pk": 24, "fields": {"action_time": "2021-02-19T20:25:10.405Z", "user": 1, "content_type": 8, "object_id": "9", "object_repr": "Специальное Меню:300", "action_flag": 1, "change_message": "[{\"added\": {}}]"}}, {"model": "admin.logentry", "pk": 25, "fields": {"action_time": "2021-02-19T20:26:03.930Z", "user": 1, "content_type": 8, "object_id": "10", "object_repr": "Специальное Меню1:200", "action_flag": 1, "change_message": "[{\"added\": {}}]"}}, {"model": "admin.logentry", "pk": 26, "fields": {"action_time": "2021-02-19T20:27:06.140Z", "user": 1, "content_type": 8, "object_id": "11", "object_repr": "Специальное Меню2:150", "action_flag": 1, "change_message": "[{\"added\": {}}]"}}, {"model": "admin.logentry", "pk": 27, "fields": {"action_time": "2021-02-20T18:19:55.846Z", "user": 1, "content_type": 7, "object_id": "6", "object_repr": "Наша История:12", "action_flag": 1, "change_message": "[{\"added\": {}}]"}}, {"model": "admin.logentry", "pk": 28, "fields": {"action_time": "2021-02-20T20:12:10.360Z", "user": 1, "content_type": 7, "object_id": "6", "object_repr": "Наша История:12", "action_flag": 3, "change_message": ""}}, {"model": "admin.logentry", "pk": 29, "fields": {"action_time": "2021-02-20T20:21:39.071Z", "user": 1, "content_type": 7, "object_id": "7", "object_repr": "Наша История:9", "action_flag": 1, "change_message": "[{\"added\": {}}]"}}, {"model": "admin.logentry", "pk": 30, "fields": {"action_time": "2021-02-20T20:22:54.905Z", "user": 1, "content_type": 9, "object_id": "1", "object_repr": "Наша История", "action_flag": 1, "change_message": "[{\"added\": {}}]"}}, {"model": "admin.logentry", "pk": 31, "fields": {"action_time": "2021-02-20T20:59:47.295Z", "user": 1, "content_type": 9, "object_id": "1", "object_repr": "Наша История", "action_flag": 2, "change_message": "[]"}}, {"model": "admin.logentry", "pk": 32, "fields": {"action_time": "2021-02-21T08:17:12.887Z", "user": 1, "content_type": 9, "object_id": "1", "object_repr": "Наша История", "action_flag": 2, "change_message": "[]"}}, {"model": "admin.logentry", "pk": 33, "fields": {"action_time": "2021-02-21T08:37:38.950Z", "user": 1, "content_type": 9, "object_id": "1", "object_repr": "Наша История", "action_flag": 2, "change_message": "[]"}}, {"model": "admin.logentry", "pk": 34, "fields": {"action_time": "2021-02-21T09:51:11.934Z", "user": 1, "content_type": 9, "object_id": "1", "object_repr": "Наша История", "action_flag": 2, "change_message": "[]"}}, {"model": "admin.logentry", "pk": 35, "fields": {"action_time": "2021-02-22T19:02:04.095Z", "user": 1, "content_type": 7, "object_id": "7", "object_repr": "Наша История:9", "action_flag": 3, "change_message": ""}}, {"model": "admin.logentry", "pk": 36, "fields": {"action_time": "2021-02-22T19:08:15.496Z", "user": 1, "content_type": 9, "object_id": "1", "object_repr": "Наша История", "action_flag": 1, "change_message": "[{\"added\": {}}]"}}, {"model": "admin.logentry", "pk": 37, "fields": {"action_time": "2021-02-22T19:08:26.556Z", "user": 1, "content_type": 9, "object_id": "1", "object_repr": "Наша История", "action_flag": 2, "change_message": "[]"}}, {"model": "admin.logentry", "pk": 38, "fields": {"action_time": "2021-02-22T19:08:37.213Z", "user": 1, "content_type": 9, "object_id": "1", "object_repr": "Наша История", "action_flag": 2, "change_message": "[]"}}, {"model": "admin.logentry", "pk": 39, "fields": {"action_time": "2021-02-22T21:50:47.565Z", "user": 1, "content_type": 9, "object_id": "1", "object_repr": "Наша История", "action_flag": 2, "change_message": "[]"}}, {"model": "admin.logentry", "pk": 40, "fields": {"action_time": "2021-02-22T22:05:41.590Z", "user": 1, "content_type": 10, "object_id": "1", "object_repr": "Наш Повар", "action_flag": 1, "change_message": "[{\"added\": {}}]"}}, {"model": "admin.logentry", "pk": 41, "fields": {"action_time": "2021-02-22T22:23:32.390Z", "user": 1, "content_type": 10, "object_id": "1", "object_repr": "Наш Повар", "action_flag": 2, "change_message": "[]"}}, {"model": "admin.logentry", "pk": 42, "fields": {"action_time": "2021-02-23T16:58:34.922Z", "user": 1, "content_type": 10, "object_id": "1", "object_repr": "Наш Повар", "action_flag": 2, "change_message": "[]"}}, {"model": "admin.logentry", "pk": 43, "fields": {"action_time": "2021-02-23T19:20:14.735Z", "user": 1, "content_type": 10, "object_id": "1", "object_repr": "Наш Повар", "action_flag": 2, "change_message": "[]"}}, {"model": "admin.logentry", "pk": 44, "fields": {"action_time": "2021-02-23T19:25:34.617Z", "user": 1, "content_type": 9, "object_id": "1", "object_repr": "Наша История", "action_flag": 2, "change_message": "[]"}}, {"model": "admin.logentry", "pk": 45, "fields": {"action_time": "2021-02-24T17:43:11.288Z", "user": 1, "content_type": 13, "object_id": "1", "object_repr": "380676569239", "action_flag": 1, "change_message": "[{\"added\": {}}]"}}, {"model": "admin.logentry", "pk": 46, "fields": {"action_time": "2021-02-24T17:43:41.836Z", "user": 1, "content_type": 13, "object_id": "2", "object_repr": "0676569238", "action_flag": 1, "change_message": "[{\"added\": {}}]"}}, {"model": "admin.logentry", "pk": 47, "fields": {"action_time": "2021-02-24T18:10:49.409Z", "user": 1, "content_type": 14, "object_id": "1", "object_repr": "Киев; пр. Комарова; 1", "action_flag": 1, "change_message": "[{\"added\": {}}]"}}, {"model": "admin.logentry", "pk": 48, "fields": {"action_time": "2021-02-24T18:11:37.018Z", "user": 1, "content_type": 14, "object_id": "2", "object_repr": "Киев; ул. Хоревая; 10", "action_flag": 1, "change_message": "[{\"added\": {}}]"}}, {"model": "admin.logentry", "pk": 49, "fields": {"action_time": "2021-02-24T18:25:23.273Z", "user": 1, "content_type": 12, "object_id": "1", "object_repr": "Пн - Вс - 11-00 - 02-00", "action_flag": 1, "change_message": "[{\"added\": {}}]"}}, {"model": "admin.logentry", "pk": 50, "fields": {"action_time": "2021-02-24T18:37:33.612Z", "user": 1, "content_type": 15, "object_id": "1", "object_repr": "CafeInfo object (1)", "action_flag": 1, "change_message": "[{\"added\": {}}]"}}, {"model": "admin.logentry", "pk": 51, "fields": {"action_time": "2021-02-24T18:37:43.088Z", "user": 1, "content_type": 15, "object_id": "2", "object_repr": "CafeInfo object (2)", "action_flag": 1, "change_message": "[{\"added\": {}}]"}}, {"model": "admin.logentry", "pk": 52, "fields": {"action_time": "2021-02-24T18:38:50.910Z", "user": 1, "content_type": 15, "object_id": "1", "object_repr": "CafeInfo object (1)", "action_flag": 2, "change_message": "[]"}}, {"model": "admin.logentry", "pk": 53, "fields": {"action_time": "2021-02-24T18:49:31.052Z", "user": 1, "content_type": 15, "object_id": "2", "object_repr": "CafeInfo object (2)", "action_flag": 2, "change_message": "[]"}}, {"model": "admin.logentry", "pk": 54, "fields": {"action_time": "2021-02-24T18:49:34.594Z", "user": 1, "content_type": 15, "object_id": "1", "object_repr": "CafeInfo object (1)", "action_flag": 2, "change_message": "[]"}}, {"model": "admin.logentry", "pk": 55, "fields": {"action_time": "2021-02-25T16:11:58.553Z", "user": 1, "content_type": 12, "object_id": "1", "object_repr": "Пн - Вс - 11-00 - 02-00", "action_flag": 2, "change_message": "[]"}}, {"model": "admin.logentry", "pk": 56, "fields": {"action_time": "2021-03-03T19:50:45.921Z", "user": 1, "content_type": 13, "object_id": "1", "object_repr": "380676569239", "action_flag": 2, "change_message": "[]"}}, {"model": "admin.logentry", "pk": 57, "fields": {"action_time": "2021-03-03T19:50:57.063Z", "user": 1, "content_type": 13, "object_id": "1", "object_repr": "380676569239", "action_flag": 2, "change_message": "[]"}}, {"model": "admin.logentry", "pk": 58, "fields": {"action_time": "2021-03-03T19:51:01.313Z", "user": 1, "content_type": 13, "object_id": "2", "object_repr": "0676569238", "action_flag": 2, "change_message": "[]"}}, {"model": "admin.logentry", "pk": 59, "fields": {"action_time": "2021-03-03T20:51:27.908Z", "user": 1, "content_type": 15, "object_id": "1", "object_repr": "CafeInfo object (1)", "action_flag": 2, "change_message": "[{\"changed\": {\"fields\": [\"Adress id\"]}}]"}}, {"model": "admin.logentry", "pk": 60, "fields": {"action_time": "2021-03-03T20:53:05.433Z", "user": 1, "content_type": 15, "object_id": "1", "object_repr": "CafeInfo object (1)", "action_flag": 2, "change_message": "[{\"changed\": {\"fields\": [\"Phone id\"]}}]"}}, {"model": "admin.logentry", "pk": 61, "fields": {"action_time": "2021-03-03T20:54:16.332Z", "user": 1, "content_type": 15, "object_id": "1", "object_repr": "CafeInfo object (1)", "action_flag": 2, "change_message": "[{\"changed\": {\"fields\": [\"Phone id\"]}}]"}}, {"model": "admin.logentry", "pk": 62, "fields": {"action_time": "2021-03-03T20:58:43.387Z", "user": 1, "content_type": 15, "object_id": "1", "object_repr": "CafeInfo object (1)", "action_flag": 2, "change_message": "[{\"changed\": {\"fields\": [\"Adress id\"]}}]"}}, {"model": "admin.logentry", "pk": 63, "fields": {"action_time": "2021-03-03T20:58:49.487Z", "user": 1, "content_type": 15, "object_id": "1", "object_repr": "CafeInfo object (1)", "action_flag": 2, "change_message": "[]"}}, {"model": "admin.logentry", "pk": 64, "fields": {"action_time": "2021-03-03T21:16:46.344Z", "user": 1, "content_type": 14, "object_id": "1", "object_repr": "Киев; пр. Комарова; 1", "action_flag": 2, "change_message": "[{\"changed\": {\"fields\": [\"Is visible\"]}}]"}}, {"model": "admin.logentry", "pk": 65, "fields": {"action_time": "2021-03-03T21:17:34.127Z", "user": 1, "content_type": 14, "object_id": "1", "object_repr": "Киев; пр. Комарова; 1", "action_flag": 2, "change_message": "[{\"changed\": {\"fields\": [\"Is visible\"]}}]"}}, {"model": "admin.logentry", "pk": 66, "fields": {"action_time": "2021-03-03T21:19:35.121Z", "user": 1, "content_type": 15, "object_id": "1", "object_repr": "CafeInfo object (1)", "action_flag": 2, "change_message": "[{\"changed\": {\"fields\": [\"Is visible\"]}}]"}}, {"model": "admin.logentry", "pk": 67, "fields": {"action_time": "2021-03-03T21:20:20.334Z", "user": 1, "content_type": 14, "object_id": "1", "object_repr": "Киев; пр. Комарова; 1", "action_flag": 2, "change_message": "[{\"changed\": {\"fields\": [\"Is visible\"]}}]"}}, {"model": "admin.logentry", "pk": 68, "fields": {"action_time": "2021-03-03T21:20:30.453Z", "user": 1, "content_type": 13, "object_id": "1", "object_repr": "380676569239", "action_flag": 2, "change_message": "[{\"changed\": {\"fields\": [\"Is visible\"]}}]"}}, {"model": "admin.logentry", "pk": 69, "fields": {"action_time": "2021-03-03T21:20:53.712Z", "user": 1, "content_type": 15, "object_id": "1", "object_repr": "CafeInfo object (1)", "action_flag": 2, "change_message": "[{\"changed\": {\"fields\": [\"Is visible\"]}}]"}}, {"model": "admin.logentry", "pk": 70, "fields": {"action_time": "2021-03-03T21:21:01.621Z", "user": 1, "content_type": 14, "object_id": "1", "object_repr": "Киев; пр. Комарова; 1", "action_flag": 2, "change_message": "[{\"changed\": {\"fields\": [\"Is visible\"]}}]"}}, {"model": "admin.logentry", "pk": 71, "fields": {"action_time": "2021-03-03T21:21:08.373Z", "user": 1, "content_type": 13, "object_id": "1", "object_repr": "380676569239", "action_flag": 2, "change_message": "[{\"changed\": {\"fields\": [\"Is visible\"]}}]"}}, {"model": "admin.logentry", "pk": 72, "fields": {"action_time": "2021-03-03T21:48:00.973Z", "user": 1, "content_type": 8, "object_id": "11", "object_repr": "Специальное Меню2:150.00", "action_flag": 2, "change_message": "[{\"changed\": {\"fields\": [\"Is visible\"]}}]"}}, {"model": "admin.logentry", "pk": 73, "fields": {"action_time": "2021-03-03T21:49:05.499Z", "user": 1, "content_type": 8, "object_id": "11", "object_repr": "Специальное Меню2:150.00", "action_flag": 2, "change_message": "[{\"changed\": {\"fields\": [\"Is visible\"]}}]"}}, {"model": "admin.logentry", "pk": 74, "fields": {"action_time": "2021-03-03T21:49:43.267Z", "user": 1, "content_type": 7, "object_id": "5", "object_repr": "Специальное Меню:5", "action_flag": 2, "change_message": "[{\"changed\": {\"fields\": [\"Is visible\"]}}]"}}, {"model": "admin.logentry", "pk": 75, "fields": {"action_time": "2021-03-03T21:50:28.852Z", "user": 1, "content_type": 7, "object_id": "5", "object_repr": "Специальное Меню:5", "action_flag": 2, "change_message": "[{\"changed\": {\"fields\": [\"Is visible\"]}}]"}}, {"model": "admin.logentry", "pk": 76, "fields": {"action_time": "2021-03-04T16:20:07.063Z", "user": 1, "content_type": 11, "object_id": "4", "object_repr": "Borys : borystarasov@gmail.com : wewe", "action_flag": 2, "change_message": "[{\"changed\": {\"fields\": [\"Is processed\"]}}]"}}, {"model": "admin.logentry", "pk": 77, "fields": {"action_time": "2021-03-04T16:49:42.331Z", "user": 1, "content_type": 11, "object_id": "12", "object_repr": "dfdfdf : borystarasov@gmail.com : wewewewewewewewewssx", "action_flag": 3, "change_message": ""}}, {"model": "admin.logentry", "pk": 78, "fields": {"action_time": "2021-03-04T18:24:27.632Z", "user": 1, "content_type": 11, "object_id": "37", "object_repr": "eeeeeeee : borystarasov@gmail.com : xx", "action_flag": 2, "change_message": "[{\"changed\": {\"fields\": [\"Is processed\"]}}]"}}, {"model": "admin.logentry", "pk": 79, "fields": {"action_time": "2021-03-04T18:33:00.634Z", "user": 1, "content_type": 11, "object_id": "40", "object_repr": "werty : borystarasov@gmail.com : dvsd", "action_flag": 2, "change_message": "[{\"changed\": {\"fields\": [\"Is processed\"]}}]"}}, {"model": "admin.logentry", "pk": 80, "fields": {"action_time": "2021-03-04T18:33:05.818Z", "user": 1, "content_type": 11, "object_id": "38", "object_repr": "trtrewwww : borystarasov@gmail.com : sxsc", "action_flag": 2, "change_message": "[{\"changed\": {\"fields\": [\"Is processed\"]}}]"}}, {"model": "admin.logentry", "pk": 81, "fields": {"action_time": "2021-03-04T18:33:09.442Z", "user": 1, "content_type": 11, "object_id": "37", "object_repr": "eeeeeeee : borystarasov@gmail.com : xx", "action_flag": 2, "change_message": "[{\"changed\": {\"fields\": [\"Is processed\"]}}]"}}, {"model": "admin.logentry", "pk": 82, "fields": {"action_time": "2021-03-04T18:33:14.596Z", "user": 1, "content_type": 11, "object_id": "33", "object_repr": "werty : borystarasov@gmail.com : dvd", "action_flag": 2, "change_message": "[{\"changed\": {\"fields\": [\"Is processed\"]}}]"}}, {"model": "admin.logentry", "pk": 83, "fields": {"action_time": "2021-03-04T18:33:18.347Z", "user": 1, "content_type": 11, "object_id": "31", "object_repr": "eeeeeeee : borystarasov@gmail.com : wdw", "action_flag": 2, "change_message": "[{\"changed\": {\"fields\": [\"Is processed\"]}}]"}}, {"model": "admin.logentry", "pk": 84, "fields": {"action_time": "2021-03-04T21:33:01.802Z", "user": 1, "content_type": 4, "object_id": "2", "object_repr": "borys", "action_flag": 3, "change_message": ""}}, {"model": "admin.logentry", "pk": 85, "fields": {"action_time": "2021-03-05T11:48:54.015Z", "user": 1, "content_type": 3, "object_id": "1", "object_repr": "manager", "action_flag": 1, "change_message": "[{\"added\": {}}]"}}, {"model": "admin.logentry", "pk": 86, "fields": {"action_time": "2021-03-05T11:49:51.344Z", "user": 1, "content_type": 4, "object_id": "3", "object_repr": "Borys", "action_flag": 2, "change_message": "[{\"changed\": {\"fields\": [\"Groups\"]}}]"}}, {"model": "admin.logentry", "pk": 87, "fields": {"action_time": "2021-03-05T21:11:15.576Z", "user": 1, "content_type": 3, "object_id": "1", "object_repr": "manager", "action_flag": 2, "change_message": "[{\"changed\": {\"fields\": [\"Permissions\"]}}]"}}, {"model": "admin.logentry", "pk": 88, "fields": {"action_time": "2021-03-05T21:11:27.724Z", "user": 1, "content_type": 3, "object_id": "1", "object_repr": "manager", "action_flag": 2, "change_message": "[]"}}, {"model": "admin.logentry", "pk": 89, "fields": {"action_time": "2021-03-05T23:37:37.782Z", "user": 1, "content_type": 3, "object_id": "1", "object_repr": "manager", "action_flag": 2, "change_message": "[{\"changed\": {\"fields\": [\"Permissions\"]}}]"}}, {"model": "admin.logentry", "pk": 90, "fields": {"action_time": "2021-03-05T23:39:12.598Z", "user": 1, "content_type": 4, "object_id": "1", "object_repr": "admin", "action_flag": 2, "change_message": "[{\"changed\": {\"fields\": [\"Active\"]}}]"}}, {"model": "admin.logentry", "pk": 91, "fields": {"action_time": "2021-03-06T00:01:26.133Z", "user": 4, "content_type": 4, "object_id": "1", "object_repr": "admin", "action_flag": 2, "change_message": "[{\"changed\": {\"fields\": [\"Active\"]}}]"}}, {"model": "admin.logentry", "pk": 92, "fields": {"action_time": "2021-03-06T14:24:31.050Z", "user": 1, "content_type": 4, "object_id": "5", "object_repr": "Igor", "action_flag": 1, "change_message": "[{\"added\": {}}]"}}, {"model": "admin.logentry", "pk": 93, "fields": {"action_time": "2021-03-06T14:25:08.601Z", "user": 1, "content_type": 4, "object_id": "5", "object_repr": "Igor", "action_flag": 2, "change_message": "[]"}}, {"model": "admin.logentry", "pk": 94, "fields": {"action_time": "2021-03-06T14:56:29.076Z", "user": 1, "content_type": 4, "object_id": "5", "object_repr": "Igor", "action_flag": 2, "change_message": "[{\"changed\": {\"fields\": [\"Groups\"]}}]"}}, {"model": "admin.logentry", "pk": 95, "fields": {"action_time": "2021-03-06T14:58:22.908Z", "user": 1, "content_type": 4, "object_id": "6", "object_repr": "Leha", "action_flag": 2, "change_message": "[{\"changed\": {\"fields\": [\"Groups\"]}}]"}}, {"model": "admin.logentry", "pk": 96, "fields": {"action_time": "2021-03-07T02:05:45.537Z", "user": 1, "content_type": 3, "object_id": "2", "object_repr": "reader", "action_flag": 1, "change_message": "[{\"added\": {}}]"}}, {"model": "admin.logentry", "pk": 97, "fields": {"action_time": "2021-03-07T02:06:11.361Z", "user": 1, "content_type": 3, "object_id": "2", "object_repr": "reader", "action_flag": 2, "change_message": "[{\"changed\": {\"fields\": [\"Permissions\"]}}]"}}, {"model": "admin.logentry", "pk": 98, "fields": {"action_time": "2021-03-07T02:06:42.745Z", "user": 1, "content_type": 4, "object_id": "5", "object_repr": "Igor", "action_flag": 2, "change_message": "[{\"changed\": {\"fields\": [\"Groups\"]}}]"}}, {"model": "admin.logentry", "pk": 99, "fields": {"action_time": "2021-03-07T02:06:51.051Z", "user": 1, "content_type": 4, "object_id": "5", "object_repr": "Igor", "action_flag": 2, "change_message": "[]"}}, {"model": "admin.logentry", "pk": 100, "fields": {"action_time": "2021-03-07T02:07:04.769Z", "user": 1, "content_type": 4, "object_id": "6", "object_repr": "Leha", "action_flag": 2, "change_message": "[{\"changed\": {\"fields\": [\"Groups\"]}}]"}}, {"model": "admin.logentry", "pk": 101, "fields": {"action_time": "2021-03-07T16:54:39.504Z", "user": 1, "content_type": 3, "object_id": "2", "object_repr": "reader", "action_flag": 2, "change_message": "[]"}}, {"model": "admin.logentry", "pk": 102, "fields": {"action_time": "2021-03-07T16:57:58.647Z", "user": 1, "content_type": 3, "object_id": "2", "object_repr": "reader", "action_flag": 2, "change_message": "[{\"changed\": {\"fields\": [\"Permissions\"]}}]"}}, {"model": "admin.logentry", "pk": 103, "fields": {"action_time": "2021-03-07T16:59:36.372Z", "user": 1, "content_type": 3, "object_id": "2", "object_repr": "reader", "action_flag": 2, "change_message": "[{\"changed\": {\"fields\": [\"Permissions\"]}}]"}}, {"model": "admin.logentry", "pk": 104, "fields": {"action_time": "2021-03-07T17:08:11.786Z", "user": 1, "content_type": 4, "object_id": "5", "object_repr": "Igor", "action_flag": 2, "change_message": "[{\"changed\": {\"fields\": [\"Groups\"]}}]"}}, {"model": "admin.logentry", "pk": 105, "fields": {"action_time": "2021-03-07T17:08:32.725Z", "user": 1, "content_type": 4, "object_id": "6", "object_repr": "Leha", "action_flag": 2, "change_message": "[{\"changed\": {\"fields\": [\"Groups\"]}}]"}}, {"model": "admin.logentry", "pk": 106, "fields": {"action_time": "2021-03-07T17:09:19.531Z", "user": 1, "content_type": 3, "object_id": "2", "object_repr": "reader", "action_flag": 2, "change_message": "[{\"changed\": {\"fields\": [\"Permissions\"]}}]"}}, {"model": "admin.logentry", "pk": 107, "fields": {"action_time": "2021-03-07T17:09:53.168Z", "user": 1, "content_type": 3, "object_id": "2", "object_repr": "message view", "action_flag": 2, "change_message": "[{\"changed\": {\"fields\": [\"Name\"]}}]"}}, {"model": "admin.logentry", "pk": 108, "fields": {"action_time": "2021-03-07T17:10:01.871Z", "user": 1, "content_type": 3, "object_id": "2", "object_repr": "messages view", "action_flag": 2, "change_message": "[{\"changed\": {\"fields\": [\"Name\"]}}]"}}, {"model": "admin.logentry", "pk": 109, "fields": {"action_time": "2021-03-15T20:12:26.582Z", "user": 1, "content_type": 8, "object_id": "4", "object_repr": "Десерты1:130.00", "action_flag": 2, "change_message": "[]"}}, {"model": "admin.logentry", "pk": 110, "fields": {"action_time": "2021-03-15T20:14:54.291Z", "user": 1, "content_type": 8, "object_id": "3", "object_repr": "Десерты:120.00", "action_flag": 2, "change_message": "[]"}}, {"model": "admin.logentry", "pk": 111, "fields": {"action_time": "2021-03-15T20:22:49.074Z", "user": 1, "content_type": 8, "object_id": "12", "object_repr": "ererer:1000.00", "action_flag": 2, "change_message": "[]"}}, {"model": "admin.logentry", "pk": 112, "fields": {"action_time": "2021-03-15T20:23:42.930Z", "user": 1, "content_type": 8, "object_id": "12", "object_repr": "ererer:1000.00", "action_flag": 2, "change_message": "[]"}}, {"model": "auth.permission", "pk": 1, "fields": {"name": "Can add log entry", "content_type": 1, "codename": "add_logentry"}}, {"model": "auth.permission", "pk": 2, "fields": {"name": "Can change log entry", "content_type": 1, "codename": "change_logentry"}}, {"model": "auth.permission", "pk": 3, "fields": {"name": "Can delete log entry", "content_type": 1, "codename": "delete_logentry"}}, {"model": "auth.permission", "pk": 4, "fields": {"name": "Can view log entry", "content_type": 1, "codename": "view_logentry"}}, {"model": "auth.permission", "pk": 5, "fields": {"name": "Can add permission", "content_type": 2, "codename": "add_permission"}}, {"model": "auth.permission", "pk": 6, "fields": {"name": "Can change permission", "content_type": 2, "codename": "change_permission"}}, {"model": "auth.permission", "pk": 7, "fields": {"name": "Can delete permission", "content_type": 2, "codename": "delete_permission"}}, {"model": "auth.permission", "pk": 8, "fields": {"name": "Can view permission", "content_type": 2, "codename": "view_permission"}}, {"model": "auth.permission", "pk": 9, "fields": {"name": "Can add group", "content_type": 3, "codename": "add_group"}}, {"model": "auth.permission", "pk": 10, "fields": {"name": "Can change group", "content_type": 3, "codename": "change_group"}}, {"model": "auth.permission", "pk": 11, "fields": {"name": "Can delete group", "content_type": 3, "codename": "delete_group"}}, {"model": "auth.permission", "pk": 12, "fields": {"name": "Can view group", "content_type": 3, "codename": "view_group"}}, {"model": "auth.permission", "pk": 13, "fields": {"name": "Can add user", "content_type": 4, "codename": "add_user"}}, {"model": "auth.permission", "pk": 14, "fields": {"name": "Can change user", "content_type": 4, "codename": "change_user"}}, {"model": "auth.permission", "pk": 15, "fields": {"name": "Can delete user", "content_type": 4, "codename": "delete_user"}}, {"model": "auth.permission", "pk": 16, "fields": {"name": "Can view user", "content_type": 4, "codename": "view_user"}}, {"model": "auth.permission", "pk": 17, "fields": {"name": "Can add content type", "content_type": 5, "codename": "add_contenttype"}}, {"model": "auth.permission", "pk": 18, "fields": {"name": "Can change content type", "content_type": 5, "codename": "change_contenttype"}}, {"model": "auth.permission", "pk": 19, "fields": {"name": "Can delete content type", "content_type": 5, "codename": "delete_contenttype"}}, {"model": "auth.permission", "pk": 20, "fields": {"name": "Can view content type", "content_type": 5, "codename": "view_contenttype"}}, {"model": "auth.permission", "pk": 21, "fields": {"name": "Can add session", "content_type": 6, "codename": "add_session"}}, {"model": "auth.permission", "pk": 22, "fields": {"name": "Can change session", "content_type": 6, "codename": "change_session"}}, {"model": "auth.permission", "pk": 23, "fields": {"name": "Can delete session", "content_type": 6, "codename": "delete_session"}}, {"model": "auth.permission", "pk": 24, "fields": {"name": "Can view session", "content_type": 6, "codename": "view_session"}}, {"model": "auth.permission", "pk": 25, "fields": {"name": "Can add category", "content_type": 7, "codename": "add_category"}}, {"model": "auth.permission", "pk": 26, "fields": {"name": "Can change category", "content_type": 7, "codename": "change_category"}}, {"model": "auth.permission", "pk": 27, "fields": {"name": "Can delete category", "content_type": 7, "codename": "delete_category"}}, {"model": "auth.permission", "pk": 28, "fields": {"name": "Can view category", "content_type": 7, "codename": "view_category"}}, {"model": "auth.permission", "pk": 29, "fields": {"name": "Can add dish", "content_type": 8, "codename": "add_dish"}}, {"model": "auth.permission", "pk": 30, "fields": {"name": "Can change dish", "content_type": 8, "codename": "change_dish"}}, {"model": "auth.permission", "pk": 31, "fields": {"name": "Can delete dish", "content_type": 8, "codename": "delete_dish"}}, {"model": "auth.permission", "pk": 32, "fields": {"name": "Can view dish", "content_type": 8, "codename": "view_dish"}}, {"model": "auth.permission", "pk": 33, "fields": {"name": "Can add history", "content_type": 9, "codename": "add_history"}}, {"model": "auth.permission", "pk": 34, "fields": {"name": "Can change history", "content_type": 9, "codename": "change_history"}}, {"model": "auth.permission", "pk": 35, "fields": {"name": "Can delete history", "content_type": 9, "codename": "delete_history"}}, {"model": "auth.permission", "pk": 36, "fields": {"name": "Can view history", "content_type": 9, "codename": "view_history"}}, {"model": "auth.permission", "pk": 37, "fields": {"name": "Can add chef", "content_type": 10, "codename": "add_chef"}}, {"model": "auth.permission", "pk": 38, "fields": {"name": "Can change chef", "content_type": 10, "codename": "change_chef"}}, {"model": "auth.permission", "pk": 39, "fields": {"name": "Can delete chef", "content_type": 10, "codename": "delete_chef"}}, {"model": "auth.permission", "pk": 40, "fields": {"name": "Can view chef", "content_type": 10, "codename": "view_chef"}}, {"model": "auth.permission", "pk": 41, "fields": {"name": "Can add message", "content_type": 11, "codename": "add_message"}}, {"model": "auth.permission", "pk": 42, "fields": {"name": "Can change message", "content_type": 11, "codename": "change_message"}}, {"model": "auth.permission", "pk": 43, "fields": {"name": "Can delete message", "content_type": 11, "codename": "delete_message"}}, {"model": "auth.permission", "pk": 44, "fields": {"name": "Can view message", "content_type": 11, "codename": "view_message"}}, {"model": "auth.permission", "pk": 45, "fields": {"name": "Can add opening hours", "content_type": 12, "codename": "add_openinghours"}}, {"model": "auth.permission", "pk": 46, "fields": {"name": "Can change opening hours", "content_type": 12, "codename": "change_openinghours"}}, {"model": "auth.permission", "pk": 47, "fields": {"name": "Can delete opening hours", "content_type": 12, "codename": "delete_openinghours"}}, {"model": "auth.permission", "pk": 48, "fields": {"name": "Can view opening hours", "content_type": 12, "codename": "view_openinghours"}}, {"model": "auth.permission", "pk": 49, "fields": {"name": "Can add phone", "content_type": 13, "codename": "add_phone"}}, {"model": "auth.permission", "pk": 50, "fields": {"name": "Can change phone", "content_type": 13, "codename": "change_phone"}}, {"model": "auth.permission", "pk": 51, "fields": {"name": "Can delete phone", "content_type": 13, "codename": "delete_phone"}}, {"model": "auth.permission", "pk": 52, "fields": {"name": "Can view phone", "content_type": 13, "codename": "view_phone"}}, {"model": "auth.permission", "pk": 53, "fields": {"name": "Can add adress", "content_type": 14, "codename": "add_adress"}}, {"model": "auth.permission", "pk": 54, "fields": {"name": "Can change adress", "content_type": 14, "codename": "change_adress"}}, {"model": "auth.permission", "pk": 55, "fields": {"name": "Can delete adress", "content_type": 14, "codename": "delete_adress"}}, {"model": "auth.permission", "pk": 56, "fields": {"name": "Can view adress", "content_type": 14, "codename": "view_adress"}}, {"model": "auth.permission", "pk": 57, "fields": {"name": "Can add cafe info", "content_type": 15, "codename": "add_cafeinfo"}}, {"model": "auth.permission", "pk": 58, "fields": {"name": "Can change cafe info", "content_type": 15, "codename": "change_cafeinfo"}}, {"model": "auth.permission", "pk": 59, "fields": {"name": "Can delete cafe info", "content_type": 15, "codename": "delete_cafeinfo"}}, {"model": "auth.permission", "pk": 60, "fields": {"name": "Can view cafe info", "content_type": 15, "codename": "view_cafeinfo"}}, {"model": "auth.group", "pk": 1, "fields": {"name": "manager", "permissions": []}}, {"model": "auth.group", "pk": 2, "fields": {"name": "messages view", "permissions": []}}, {"model": "auth.user", "pk": 1, "fields": {"password": "pbkdf2_sha256$216000$YRnxyquzwbO5$EytLp1SFGayVQF99tEwjc/QnE7yPbdciQp84R/iyl9o=", "last_login": "2021-03-15T13:48:58.188Z", "is_superuser": true, "username": "admin", "first_name": "", "last_name": "", "email": "admin@gmail.com", "is_staff": true, "is_active": true, "date_joined": "2021-02-18T12:43:56Z", "groups": [], "user_permissions": []}}, {"model": "auth.user", "pk": 3, "fields": {"password": "pbkdf2_sha256$216000$V3quRCZwrxVA$WAMqJkRyf2IzIcogtA1+e8LLz07Amc1qpgr5jIKU/fc=", "last_login": "2021-03-15T13:08:13.730Z", "is_superuser": false, "username": "Borys", "first_name": "", "last_name": "", "email": "", "is_staff": false, "is_active": true, "date_joined": "2021-03-04T21:31:19Z", "groups": [1], "user_permissions": []}}, {"model": "auth.user", "pk": 4, "fields": {"password": "pbkdf2_sha256$216000$HkWhT9r7eo6T$qJj80p+5+2GlsxNh4JxC7NSdHtHqqtKUo/UCNLtyMX0=", "last_login": "2021-03-06T00:00:57.786Z", "is_superuser": true, "username": "admin1", "first_name": "", "last_name": "", "email": "borystarasov@gmail.com", "is_staff": true, "is_active": true, "date_joined": "2021-03-06T00:00:20.700Z", "groups": [], "user_permissions": []}}, {"model": "auth.user", "pk": 5, "fields": {"password": "pbkdf2_sha256$216000$9GgeqgURUWPO$hRFC64f/dF8Nx0mv/dCZtr8fuKpIDYzrcxtHtSAP1/8=", "last_login": "2021-03-15T13:48:20.531Z", "is_superuser": false, "username": "Igor", "first_name": "", "last_name": "", "email": "", "is_staff": false, "is_active": true, "date_joined": "2021-03-06T14:24:30Z", "groups": [1], "user_permissions": []}}, {"model": "auth.user", "pk": 6, "fields": {"password": "pbkdf2_sha256$216000$7S5o3XHtJcEg$SjxJJt+BuK8N/9jJqIR5CRsG+vz0puneT3he7VO5UYU=", "last_login": "2021-03-15T13:06:46.069Z", "is_superuser": false, "username": "Leha", "first_name": "", "last_name": "", "email": "", "is_staff": false, "is_active": true, "date_joined": "2021-03-06T14:30:18Z", "groups": [1], "user_permissions": []}}, {"model": "sessions.session", "pk": "b1vbr08dlqxd1s03vnw48u05r2pstjyw", "fields": {"session_data": ".eJxVjMsOwiAQRf-FtSHQ8igu3fsNhGFmpGogKe3K-O_apAvd3nPOfYmYtrXErdMSZxRnocXpd4OUH1R3gPdUb03mVtdlBrkr8qBdXhvS83K4fwcl9fKtR2ZLnIFG5SerjCbInkBbl80EmBCsUZQTB-NC4BBQBdbeDjQYb70T7w8L6jhN:1lLnac:c9E10eudHNQ-OKOjNNfrXsFRyDQ2ER-2mysN0nhrnog", "expire_date": "2021-03-29T13:48:58.203Z"}}, {"model": "main_gusto.category", "pk": 1, "fields": {"title": "Десерты", "photo": "media/images/categories/e2c8a1c8-9fc9-48a7-a877-66128a87998d.jpg", "category_order": 1, "is_visible": true}}, {"model": "main_gusto.category", "pk": 2, "fields": {"title": "Основные Блюда", "photo": "media/images/categories/e52f4630-74c0-4864-ad8e-c28b8060b3bb.jpg", "category_order": 2, "is_visible": true}}, {"model": "main_gusto.category", "pk": 3, "fields": {"title": "Закуски", "photo": "media/images/categories/f05d75af-66e4-41c6-a155-cb6cc60b9f7b.jpg", "category_order": 3, "is_visible": true}}, {"model": "main_gusto.category", "pk": 4, "fields": {"title": "Гарниры", "photo": "media/images/categories/407e129a-4757-46e0-bee8-8738ed24b170.jpg", "category_order": 4, "is_visible": true}}, {"model": "main_gusto.category", "pk": 5, "fields": {"title": "Специальное Меню", "photo": "media/images/categories/10acf947-854a-4d9e-88cd-3f82089f1b64.jpg", "category_order": 5, "is_visible": true}}, {"model": "main_gusto.category", "pk": 10, "fields": {"title": "tytytyty", "photo": "media/images/categories/acd61806-dc92-42c2-8b4d-dbd5d8224a3e.jpg", "category_order": 10, "is_visible": true}}, {"model": "main_gusto.dish", "pk": 1, "fields": {"title": "Закуски", "photo": "media/images/dishes/e150e2af-febc-44c1-b897-d0894bf006bf.jpg", "dish_order": 1, "is_visible": true, "price": "100.00", "desc": "ну, такое", "category": 3}}, {"model": "main_gusto.dish", "pk": 2, "fields": {"title": "Закуски1", "photo": "media/images/dishes/a4057f9f-ecc2-4f8f-a6b1-f9cf84f922ef.jpg", "dish_order": 2, "is_visible": true, "price": "150.00", "desc": "на любителя", "category": 3}}, {"model": "main_gusto.dish", "pk": 3, "fields": {"title": "Десерты", "photo": "media/images/dishes/d55af4e9-6480-4260-a586-5d6d3478ecac.jpg", "dish_order": 3, "is_visible": true, "price": "120.00", "desc": "на эти деньпи нормально", "category": 1}}, {"model": "main_gusto.dish", "pk": 4, "fields": {"title": "Десерты1", "photo": "media/images/dishes/d3ac406d-e5a2-47c2-a215-f6044abe4b02.jpg", "dish_order": 4, "is_visible": true, "price": "130.00", "desc": "жрать можно", "category": 1}}, {"model": "main_gusto.dish", "pk": 5, "fields": {"title": "Основные Блюда", "photo": "media/images/dishes/8114b115-ebfb-4219-a9d1-931a782c428d.jpg", "dish_order": 5, "is_visible": true, "price": "200.00", "desc": "однако", "category": 2}}, {"model": "main_gusto.dish", "pk": 6, "fields": {"title": "Основные Блюда1", "photo": "media/images/dishes/9629d89f-dbdf-4ad4-ad9d-a03201c7f0e7.jpg", "dish_order": 6, "is_visible": true, "price": "200.00", "desc": "честно. нет", "category": 2}}, {"model": "main_gusto.dish", "pk": 7, "fields": {"title": "Гарниры", "photo": "media/images/dishes/bc5e949c-88c5-4ca3-8efb-cab4da72ed81.jpg", "dish_order": 7, "is_visible": true, "price": "100.00", "desc": "г.......", "category": 4}}, {"model": "main_gusto.dish", "pk": 8, "fields": {"title": "Гарниры1", "photo": "media/images/dishes/7d06ca60-2355-4b5f-a84b-2dab50a8d7a2.jpg", "dish_order": 8, "is_visible": true, "price": "110.00", "desc": "прэлэсно", "category": 4}}, {"model": "main_gusto.dish", "pk": 9, "fields": {"title": "Специальное Меню", "photo": "media/images/dishes/e7d1a8cc-d57a-4e61-9f5b-cbecd9d5d829.jpg", "dish_order": 9, "is_visible": true, "price": "300.00", "desc": "честно. не очень", "category": 5}}, {"model": "main_gusto.dish", "pk": 10, "fields": {"title": "Специальное Меню1", "photo": "media/images/dishes/901bb0c0-e9c2-4fbb-a4ef-5e53d720437c.jpg", "dish_order": 10, "is_visible": true, "price": "200.00", "desc": "рыба", "category": 5}}, {"model": "main_gusto.dish", "pk": 11, "fields": {"title": "Специальное Меню2", "photo": "media/images/dishes/5cb93b50-9196-4b75-829d-8c0831e8477d.jpg", "dish_order": 11, "is_visible": true, "price": "150.00", "desc": "фууууу", "category": 5}}, {"model": "main_gusto.dish", "pk": 12, "fields": {"title": "ererer", "photo": "media/images/dishes/983efb53-41c4-4311-b87b-08b8f9f1ed2a.jpg", "dish_order": 15, "is_visible": true, "price": "1000.00", "desc": "говно", "category": 10}}, {"model": "main_gusto.dish", "pk": 16, "fields": {"title": "kaka", "photo": "media/images/dishes/e32b2bf0-e084-43d8-a789-25984e9b88f7.jpg", "dish_order": 12, "is_visible": true, "price": "60.00", "desc": "govno", "category": 4}}, {"model": "main_gusto.history", "pk": 1, "fields": {"title": "Наша История", "photo": "media/images/history/1d888623-2e1a-4559-990b-61244a6dbddf.jpg", "is_visible": true, "desc": "Это Наш Ресторан"}}, {"model": "main_gusto.chef", "pk": 1, "fields": {"title": "Наш Повар", "photo": "media/images/chef/4706e18c-abcd-4eae-afb4-03bf3b90e8fa.jpg", "is_visible": true, "desc": "Это Наш Повар"}}, {"model": "main_gusto.phone", "pk": 1, "fields": {"phone": "380676569239", "is_visible": true}}, {"model": "main_gusto.phone", "pk": 2, "fields": {"phone": "0676569238", "is_visible": true}}, {"model": "main_gusto.adress", "pk": 1, "fields": {"city": "Киев", "street": "пр. Комарова", "building": "1", "is_visible": true}}, {"model": "main_gusto.adress", "pk": 2, "fields": {"city": "Киев", "street": "ул. Хоревая", "building": "10", "is_visible": true}}, {"model": "main_gusto.openinghours", "pk": 1, "fields": {"day": "Пн - Вс", "hours_start": "11-00", "hours_end": "02-00"}}, {"model": "main_gusto.cafeinfo", "pk": 1, "fields": {"adress_id": 1, "phone_id": 1, "is_visible": true}}, {"model": "main_gusto.cafeinfo", "pk": 2, "fields": {"adress_id": 2, "phone_id": 2, "is_visible": true}}, {"model": "main_gusto.message", "pk": 1, "fields": {"user_name": "Borys", "user_email": "borystarasov@gmail.com", "user_message": "erereetewt", "pub_date": "2021-02-25", "is_processed": true}}, {"model": "main_gusto.message", "pk": 2, "fields": {"user_name": "Borys", "user_email": "borystarasov@gmail.com", "user_message": "eefewff", "pub_date": "2021-02-26", "is_processed": true}}, {"model": "main_gusto.message", "pk": 3, "fields": {"user_name": "Borys", "user_email": "borystarasov@gmail.com", "user_message": "tgtgezzzzzzz", "pub_date": "2021-02-28", "is_processed": true}}, {"model": "main_gusto.message", "pk": 4, "fields": {"user_name": "Borys", "user_email": "borystarasov@gmail.com", "user_message": "wewe", "pub_date": "2021-03-03", "is_processed": true}}, {"model": "main_gusto.message", "pk": 5, "fields": {"user_name": "dfdfdf", "user_email": "borystarasov@gmail.com", "user_message": "sdadadasd", "pub_date": "2021-03-03", "is_processed": true}}, {"model": "main_gusto.message", "pk": 6, "fields": {"user_name": "trtrewwww", "user_email": "borystarasov@gmail.com", "user_message": "gfgfgfg", "pub_date": "2021-03-03", "is_processed": true}}, {"model": "main_gusto.message", "pk": 7, "fields": {"user_name": "werty", "user_email": "borystarasov@gmail.com", "user_message": "dsaa", "pub_date": "2021-03-03", "is_processed": true}}, {"model": "main_gusto.message", "pk": 8, "fields": {"user_name": "Borys", "user_email": "borystarasov@gmail.com", "user_message": "cccccccc", "pub_date": "2021-03-03", "is_processed": true}}, {"model": "main_gusto.message", "pk": 9, "fields": {"user_name": "ssssssss", "user_email": "borystarasov@gmail.com", "user_message": "dfdfdfdfdfdf", "pub_date": "2021-03-03", "is_processed": true}}, {"model": "main_gusto.message", "pk": 10, "fields": {"user_name": "eeeeeeee", "user_email": "borystarasov@gmail.com", "user_message": "fgdfgdg", "pub_date": "2021-03-03", "is_processed": true}}, {"model": "main_gusto.message", "pk": 11, "fields": {"user_name": "Borys", "user_email": "borystarasov@gmail.com", "user_message": "borys", "pub_date": "2021-03-04", "is_processed": true}}, {"model": "main_gusto.message", "pk": 13, "fields": {"user_name": "Borys", "user_email": "borystarasov@gmail.com", "user_message": "rtrtrf", "pub_date": "2021-03-04", "is_processed": true}}, {"model": "main_gusto.message", "pk": 14, "fields": {"user_name": "ssssssss", "user_email": "borystarasov@gmail.com", "user_message": "fhfghgfhgf", "pub_date": "2021-03-04", "is_processed": true}}, {"model": "main_gusto.message", "pk": 15, "fields": {"user_name": "trtrewwww", "user_email": "borystarasov@gmail.com", "user_message": "dfdfdfdsf", "pub_date": "2021-03-04", "is_processed": true}}, {"model": "main_gusto.message", "pk": 16, "fields": {"user_name": "ssssssss", "user_email": "borystarasov@gmail.com", "user_message": "sfsfsf", "pub_date": "2021-03-04", "is_processed": true}}, {"model": "main_gusto.message", "pk": 17, "fields": {"user_name": "aas", "user_email": "borystarasov@gmail.com", "user_message": "dsdasdsad", "pub_date": "2021-03-04", "is_processed": true}}, {"model": "main_gusto.message", "pk": 18, "fields": {"user_name": "eeeeeeee", "user_email": "borystarasov@gmail.com", "user_message": "wdwdw", "pub_date": "2021-03-04", "is_processed": true}}, {"model": "main_gusto.message", "pk": 19, "fields": {"user_name": "trtrewwww", "user_email": "borystarasov@gmail.com", "user_message": "sddd", "pub_date": "2021-03-04", "is_processed": true}}, {"model": "main_gusto.message", "pk": 20, "fields": {"user_name": "werty", "user_email": "borystarasov@gmail.com", "user_message": "ikiki", "pub_date": "2021-03-04", "is_processed": true}}, {"model": "main_gusto.message", "pk": 21, "fields": {"user_name": "eeeeeeee", "user_email": "borystarasov@gmail.com", "user_message": "yffj", "pub_date": "2021-03-04", "is_processed": true}}, {"model": "main_gusto.message", "pk": 22, "fields": {"user_name": "ddv", "user_email": "borystarasov@gmail.com", "user_message": "dcdd", "pub_date": "2021-03-04", "is_processed": true}}, {"model": "main_gusto.message", "pk": 23, "fields": {"user_name": "werty", "user_email": "borystarasov@gmail.com", "user_message": "ere", "pub_date": "2021-03-04", "is_processed": true}}, {"model": "main_gusto.message", "pk": 24, "fields": {"user_name": "dfdfdf", "user_email": "borystarasov@gmail.com", "user_message": "sdsdsa", "pub_date": "2021-03-04", "is_processed": true}}, {"model": "main_gusto.message", "pk": 25, "fields": {"user_name": "eeeeeeee", "user_email": "borystarasov@gmail.com", "user_message": "scscscsc", "pub_date": "2021-03-04", "is_processed": true}}, {"model": "main_gusto.message", "pk": 26, "fields": {"user_name": "ssssssss", "user_email": "borystarasov@gmail.com", "user_message": "gggjg", "pub_date": "2021-03-04", "is_processed": true}}, {"model": "main_gusto.message", "pk": 27, "fields": {"user_name": "dfdfdf", "user_email": "borystarasov@gmail.com", "user_message": "efe", "pub_date": "2021-03-04", "is_processed": true}}, {"model": "main_gusto.message", "pk": 28, "fields": {"user_name": "werty", "user_email": "borystarasov@gmail.com", "user_message": "fesfse", "pub_date": "2021-03-04", "is_processed": true}}, {"model": "main_gusto.message", "pk": 29, "fields": {"user_name": "trtrewwww", "user_email": "borystarasov@gmail.com", "user_message": "yuyu", "pub_date": "2021-03-04", "is_processed": true}}, {"model": "main_gusto.message", "pk": 30, "fields": {"user_name": "s", "user_email": "borystarasov@gmail.com", "user_message": "fdfd", "pub_date": "2021-03-04", "is_processed": true}}, {"model": "main_gusto.message", "pk": 31, "fields": {"user_name": "eeeeeeee", "user_email": "borystarasov@gmail.com", "user_message": "wdw", "pub_date": "2021-03-04", "is_processed": true}}, {"model": "main_gusto.message", "pk": 32, "fields": {"user_name": "de", "user_email": "borystarasov@gmail.com", "user_message": "gg", "pub_date": "2021-03-04", "is_processed": true}}, {"model": "main_gusto.message", "pk": 33, "fields": {"user_name": "werty", "user_email": "borystarasov@gmail.com", "user_message": "dvd", "pub_date": "2021-03-04", "is_processed": true}}, {"model": "main_gusto.message", "pk": 34, "fields": {"user_name": "ssssssss", "user_email": "borystarasov@gmail.com", "user_message": "ffee", "pub_date": "2021-03-04", "is_processed": true}}, {"model": "main_gusto.message", "pk": 35, "fields": {"user_name": "dfdfdf", "user_email": "borystarasov@gmail.com", "user_message": "efe", "pub_date": "2021-03-04", "is_processed": true}}, {"model": "main_gusto.message", "pk": 36, "fields": {"user_name": "ssssssss", "user_email": "borystarasov@gmail.com", "user_message": "sss", "pub_date": "2021-03-04", "is_processed": true}}, {"model": "main_gusto.message", "pk": 37, "fields": {"user_name": "eeeeeeee", "user_email": "borystarasov@gmail.com", "user_message": "xx", "pub_date": "2021-03-04", "is_processed": true}}, {"model": "main_gusto.message", "pk": 38, "fields": {"user_name": "trtrewwww", "user_email": "borystarasov@gmail.com", "user_message": "sxsc", "pub_date": "2021-03-04", "is_processed": true}}, {"model": "main_gusto.message", "pk": 39, "fields": {"user_name": "trtrewwww", "user_email": "borystarasov@gmail.com", "user_message": "szcszc", "pub_date": "2021-03-04", "is_processed": true}}, {"model": "main_gusto.message", "pk": 40, "fields": {"user_name": "werty", "user_email": "borystarasov@gmail.com", "user_message": "dvsd", "pub_date": "2021-03-04", "is_processed": true}}, {"model": "main_gusto.message", "pk": 41, "fields": {"user_name": "Borys", "user_email": "borystarasov@gmail.com", "user_message": "ererererer", "pub_date": "2021-03-15", "is_processed": true}}]
